{
	"id": "Recevit",
	"name": "The Recevit",
	"description": "A predator that survives in a dangerous, dark and cold world",
	"features": {
		"color": "ffffff",
		"custom_colors": [
			{ "name": "Body", "story": "161826", "arena": [ "161826", "0d0b0b", "0d0b0b", "0d0b0b" ] },
			{ "name": "Eyes", "story": "ffffff", "arena": [ "ffffff", "ffb95e", "ffb95e", "ffb95e" ] }
		],
		"Recevit/slide": 3.5,
		"Recevit/mask": true,
		"Recevit/ability": true,
		"Recevit/mybody": true,
		"Recevit/scareface": true,
		"back_spear": true,
		"can_maul": true,
		"auto_grab_batflies": false,
		"weight": 1.0,
		"tunnel_speed": 1.1,
		"climb_speed": 1.1,
		"walk_speed": 1.2,
		"crouch_stealth": 1.1,
		"throw_skill": 2,
		"lung_capacity": 1.5,

		"diet": {
			"corpses": 0.5,
			"meat": 0.25,
			"plants": -1,
			"overrides": {
				"EggBug": 4,
				"FireBug": 4
			}
		},
		"karma": 0,
		"karma_cap": 4,
		"start_room": "LF_A07",
		"has_dreams": false,
		"cycle_length_min": 9,
		"cycle_length_max": 9,
		"perma_unlock_gates": false,
		"food_min": 7,
		"food_max": 10,
		"select_menu_scene": "Slugcat_Prototype",
		"select_menu_scene_ascended": "Ghost_Prototype",
		"Recevit/worldchange": true,
		"world_state": "Spear"
	}
}